{
	"name": "Binary_source",
	"properties": {
		"linkedServiceName": {
			"referenceName": "AzureDataLakeStorage1",
			"type": "LinkedServiceReference"
		},
		"parameters": {
			"containername": {
				"type": "string"
			},
			"filename": {
				"type": "string"
			}
		},
		"annotations": [],
		"type": "Binary",
		"typeProperties": {
			"location": {
				"type": "AzureBlobFSLocation",
				"fileName": {
					"value": "@dataset().filename",
					"type": "Expression"
				},
				"fileSystem": {
					"value": "@dataset().containername",
					"type": "Expression"
				}
			},
			"compression": {
				"type": "ZipDeflate",
				"level": "Optimal"
			}
		}
	},
	"type": "Microsoft.DataFactory/factories/datasets"
}