{
	"name": "copy rest api",
	"properties": {
		"activities": [
			{
				"name": "Web_keyvault",
				"type": "WebActivity",
				"dependsOn": [],
				"policy": {
					"timeout": "0.12:00:00",
					"retry": 0,
					"retryIntervalInSeconds": 30,
					"secureOutput": true,
					"secureInput": false
				},
				"userProperties": [],
				"typeProperties": {
					"url": "https://geekcoderskeyvaultdev.vault.azure.net/secrets/api-key/0b196d1d1c2e4509b0977b67f4ef79c5?api-version=7.0",
					"method": "GET",
					"authentication": {
						"type": "MSI",
						"resource": "https://vault.azure.net"
					}
				}
			},
			{
				"name": "Copy data1",
				"type": "Copy",
				"dependsOn": [
					{
						"activity": "Web_keyvault",
						"dependencyConditions": [
							"Succeeded"
						]
					}
				],
				"policy": {
					"timeout": "0.12:00:00",
					"retry": 0,
					"retryIntervalInSeconds": 30,
					"secureOutput": false,
					"secureInput": false
				},
				"userProperties": [],
				"typeProperties": {
					"source": {
						"type": "RestSource",
						"httpRequestTimeout": "00:01:40",
						"requestInterval": "00.00:00:00.010",
						"requestMethod": "GET"
					},
					"sink": {
						"type": "JsonSink",
						"storeSettings": {
							"type": "AzureBlobFSWriteSettings"
						},
						"formatSettings": {
							"type": "JsonWriteSettings"
						}
					},
					"enableStaging": false,
					"translator": {
						"type": "TabularTranslator",
						"mappings": [
							{
								"source": {
									"path": "$['$[\\'response\\']']"
								},
								"sink": {
									"path": "$['response']"
								}
							}
						],
						"collectionReference": ""
					}
				},
				"inputs": [
					{
						"referenceName": "RestResource_source",
						"type": "DatasetReference",
						"parameters": {
							"url": {
								"value": "@activity('Web_keyvault').output.value",
								"type": "Expression"
							}
						}
					}
				],
				"outputs": [
					{
						"referenceName": "Json_source_info",
						"type": "DatasetReference",
						"parameters": {
							"filename": {
								"value": "@concat('airlines/Date_Part=',formatDateTime(utcnow(),'yyyy-MM-dd'),'/airlines.json')",
								"type": "Expression"
							},
							"container": "raw"
						}
					}
				]
			}
		],
		"annotations": [],
		"lastPublishTime": "2023-04-30T17:22:26Z"
	},
	"type": "Microsoft.DataFactory/factories/pipelines"
}