{
	"name": "copy datalake",
	"properties": {
		"activities": [
			{
				"name": "Lookup_MetaData",
				"type": "Lookup",
				"dependsOn": [],
				"policy": {
					"timeout": "0.12:00:00",
					"retry": 0,
					"retryIntervalInSeconds": 30,
					"secureOutput": false,
					"secureInput": false
				},
				"userProperties": [],
				"typeProperties": {
					"source": {
						"type": "JsonSource",
						"storeSettings": {
							"type": "AzureBlobFSReadSettings",
							"recursive": true,
							"enablePartitionDiscovery": false
						},
						"formatSettings": {
							"type": "JsonReadSettings"
						}
					},
					"dataset": {
						"referenceName": "Json_source_info",
						"type": "DatasetReference",
						"parameters": {
							"filename": "Table_Source_Datalake.json",
							"container": "manualfiles"
						}
					},
					"firstRowOnly": false
				}
			},
			{
				"name": "ForEach",
				"type": "ForEach",
				"dependsOn": [
					{
						"activity": "Lookup_MetaData",
						"dependencyConditions": [
							"Succeeded"
						]
					}
				],
				"userProperties": [],
				"typeProperties": {
					"items": {
						"value": "@activity('Lookup_MetaData').output.value",
						"type": "Expression"
					},
					"activities": [
						{
							"name": "If Condition1",
							"type": "IfCondition",
							"dependsOn": [],
							"userProperties": [],
							"typeProperties": {
								"expression": {
									"value": "@equals(split(item().File_name_source,'.')[1],'csv')",
									"type": "Expression"
								},
								"ifFalseActivities": [
									{
										"name": "Copy data2",
										"type": "Copy",
										"dependsOn": [],
										"policy": {
											"timeout": "0.12:00:00",
											"retry": 0,
											"retryIntervalInSeconds": 30,
											"secureOutput": false,
											"secureInput": false
										},
										"userProperties": [],
										"typeProperties": {
											"source": {
												"type": "BinarySource",
												"storeSettings": {
													"type": "AzureBlobFSReadSettings",
													"recursive": true
												},
												"formatSettings": {
													"type": "BinaryReadSettings",
													"compressionProperties": {
														"type": "ZipDeflateReadSettings",
														"preserveZipFileNameAsFolder": false
													}
												}
											},
											"sink": {
												"type": "BinarySink",
												"storeSettings": {
													"type": "AzureBlobFSWriteSettings"
												}
											},
											"enableStaging": false
										},
										"inputs": [
											{
												"referenceName": "Binary_source",
												"type": "DatasetReference",
												"parameters": {
													"containername": {
														"value": "@item().container_source",
														"type": "Expression"
													},
													"filename": {
														"value": "@item().File_name_source",
														"type": "Expression"
													}
												}
											}
										],
										"outputs": [
											{
												"referenceName": "Binary_sink",
												"type": "DatasetReference",
												"parameters": {
													"container": {
														"value": "@item().container_sink",
														"type": "Expression"
													},
													"directory": {
														"value": "@concat(item().directory_sink,'/Date_Part=',formatDateTime(utcnow(),'yyyy-MM-dd'))",
														"type": "Expression"
													},
													"filename": {
														"value": "@item().File_name_sink",
														"type": "Expression"
													}
												}
											}
										]
									}
								],
								"ifTrueActivities": [
									{
										"name": "Copy data1",
										"type": "Copy",
										"dependsOn": [],
										"policy": {
											"timeout": "0.12:00:00",
											"retry": 0,
											"retryIntervalInSeconds": 30,
											"secureOutput": false,
											"secureInput": false
										},
										"userProperties": [],
										"typeProperties": {
											"source": {
												"type": "DelimitedTextSource",
												"storeSettings": {
													"type": "AzureBlobFSReadSettings",
													"recursive": true,
													"enablePartitionDiscovery": false
												},
												"formatSettings": {
													"type": "DelimitedTextReadSettings"
												}
											},
											"sink": {
												"type": "DelimitedTextSink",
												"storeSettings": {
													"type": "AzureBlobFSWriteSettings"
												},
												"formatSettings": {
													"type": "DelimitedTextWriteSettings",
													"quoteAllText": true,
													"fileExtension": ".txt"
												}
											},
											"enableStaging": false,
											"translator": {
												"type": "TabularTranslator",
												"typeConversion": true,
												"typeConversionSettings": {
													"allowDataTruncation": true,
													"treatBooleanAsNumber": false
												}
											}
										},
										"inputs": [
											{
												"referenceName": "DelimitedText_source",
												"type": "DatasetReference",
												"parameters": {
													"container": {
														"value": "@item().container_source",
														"type": "Expression"
													},
													"directory": {
														"value": "@item().directory_source",
														"type": "Expression"
													},
													"filename": {
														"value": "@item().File_name_source",
														"type": "Expression"
													}
												}
											}
										],
										"outputs": [
											{
												"referenceName": "DelimitedText_sink",
												"type": "DatasetReference",
												"parameters": {
													"container": {
														"value": "@item().container_sink",
														"type": "Expression"
													},
													"directory": {
														"value": "@concat(split(item().File_name_sink,'.')[0],'/Date_Part=',formatDateTime(utcnow(),'yyyy-MM-dd'))",
														"type": "Expression"
													},
													"filename": {
														"value": "@item().File_name_sink",
														"type": "Expression"
													}
												}
											}
										]
									}
								]
							}
						}
					]
				}
			}
		],
		"annotations": [],
		"lastPublishTime": "2023-04-30T17:22:26Z"
	},
	"type": "Microsoft.DataFactory/factories/pipelines"
}