{
	"name": "Manual_Notebook_Run",
	"properties": {
		"activities": [
			{
				"name": "Notebook1",
				"type": "DatabricksNotebook",
				"dependsOn": [],
				"policy": {
					"timeout": "0.12:00:00",
					"retry": 0,
					"retryIntervalInSeconds": 30,
					"secureOutput": false,
					"secureInput": false
				},
				"userProperties": [],
				"typeProperties": {
					"notebookPath": {
						"value": "@pipeline().parameters.Notebook_Path",
						"type": "Expression"
					}
				},
				"linkedServiceName": {
					"referenceName": "AzureDatabricks",
					"type": "LinkedServiceReference"
				}
			}
		],
		"parameters": {
			"Notebook_Path": {
				"type": "string"
			}
		},
		"annotations": []
	}
}