{
	"name": "Publish data into SQL Tables",
	"properties": {
		"activities": [
			{
				"name": "Lookup_publish",
				"type": "Lookup",
				"dependsOn": [],
				"policy": {
					"timeout": "0.12:00:00",
					"retry": 0,
					"retryIntervalInSeconds": 30,
					"secureOutput": false,
					"secureInput": false
				},
				"userProperties": [],
				"typeProperties": {
					"source": {
						"type": "JsonSource",
						"storeSettings": {
							"type": "AzureBlobFSReadSettings",
							"recursive": true,
							"enablePartitionDiscovery": false
						},
						"formatSettings": {
							"type": "JsonReadSettings"
						}
					},
					"dataset": {
						"referenceName": "Json_source_info",
						"type": "DatasetReference",
						"parameters": {
							"filename": "publish_table.json",
							"container": "manualfiles"
						}
					},
					"firstRowOnly": false
				}
			},
			{
				"name": "ForEach1",
				"type": "ForEach",
				"dependsOn": [
					{
						"activity": "Wait1",
						"dependencyConditions": [
							"Succeeded"
						]
					}
				],
				"userProperties": [],
				"typeProperties": {
					"items": {
						"value": "@activity('Lookup_publish').output.value",
						"type": "Expression"
					},
					"activities": [
						{
							"name": "Copy data1",
							"type": "Copy",
							"dependsOn": [],
							"policy": {
								"timeout": "0.12:00:00",
								"retry": 0,
								"retryIntervalInSeconds": 30,
								"secureOutput": false,
								"secureInput": false
							},
							"userProperties": [],
							"typeProperties": {
								"source": {
									"type": "AzureDatabricksDeltaLakeSource",
									"exportSettings": {
										"type": "AzureDatabricksDeltaLakeExportCommand"
									}
								},
								"sink": {
									"type": "SqlDWSink",
									"allowCopyCommand": true,
									"tableOption": "autoCreate",
									"disableMetricsCollection": false
								},
								"enableStaging": true,
								"stagingSettings": {
									"linkedServiceName": {
										"referenceName": "AzureDataLakeStorage_sink",
										"type": "LinkedServiceReference"
									},
									"path": "manualfiles"
								}
							},
							"inputs": [
								{
									"referenceName": "AzureDatabricksDeltaLakeDataset",
									"type": "DatasetReference",
									"parameters": {
										"table_name": {
											"value": "@item().source_table_name",
											"type": "Expression"
										}
									}
								}
							],
							"outputs": [
								{
									"referenceName": "AzureSynapseAnalyticsTable_sink",
									"type": "DatasetReference",
									"parameters": {
										"table_name": {
											"value": "@item().publish_table_name",
											"type": "Expression"
										}
									}
								}
							]
						}
					]
				}
			},
			{
				"name": "Wait1",
				"type": "Wait",
				"dependsOn": [
					{
						"activity": "DW_Status_Job",
						"dependencyConditions": [
							"Succeeded"
						]
					}
				],
				"userProperties": [],
				"typeProperties": {
					"waitTimeInSeconds": 3
				}
			},
			{
				"name": "DW_Status_Job",
				"type": "ExecutePipeline",
				"dependsOn": [
					{
						"activity": "Lookup_publish",
						"dependencyConditions": [
							"Succeeded"
						]
					}
				],
				"userProperties": [],
				"typeProperties": {
					"pipeline": {
						"referenceName": "DW_Status_Job",
						"type": "PipelineReference"
					},
					"waitOnCompletion": true,
					"parameters": {
						"Status": "Start"
					}
				}
			},
			{
				"name": "DW_Status_Job1",
				"type": "ExecutePipeline",
				"dependsOn": [
					{
						"activity": "ForEach1",
						"dependencyConditions": [
							"Succeeded"
						]
					}
				],
				"userProperties": [],
				"typeProperties": {
					"pipeline": {
						"referenceName": "DW_Status_Job",
						"type": "PipelineReference"
					},
					"waitOnCompletion": true,
					"parameters": {
						"Status": "Stop"
					}
				}
			}
		],
		"annotations": []
	}
}