{
	"name": "Refresh_Databricks_Notebook",
	"properties": {
		"activities": [
			{
				"name": "Notebook",
				"type": "DatabricksNotebook",
				"dependsOn": [],
				"policy": {
					"timeout": "0.12:00:00",
					"retry": 0,
					"retryIntervalInSeconds": 30,
					"secureOutput": false,
					"secureInput": false
				},
				"userProperties": [],
				"typeProperties": {
					"notebookPath": "/GeekCoders/Run_Notebooks",
					"baseParameters": {
						"Layer_Name": {
							"value": "@pipeline().parameters.Layer_Name",
							"type": "Expression"
						}
					}
				},
				"linkedServiceName": {
					"referenceName": "AzureDatabricks",
					"type": "LinkedServiceReference",
					"parameters": {
						"databricks_workspace": {
							"value": "@pipeline().globalParameters.Databricks_URL",
							"type": "Expression"
						}
					}
				}
			}
		],
		"parameters": {
			"Layer_Name": {
				"type": "string"
			}
		},
		"annotations": []
	}
}