{
	"name": "AzureSynapseAnalytics_sink",
	"properties": {
		"annotations": [],
		"type": "AzureSqlDW",
		"typeProperties": {
			"connectionString": "Integrated Security=False;Encrypt=True;Connection Timeout=30;Data Source=geekcodersdev.database.windows.net;Initial Catalog=geekcodertsdw;User ID=geekcoders_admin",
			"password": {
				"type": "AzureKeyVaultSecret",
				"store": {
					"referenceName": "AzureKeyVault1",
					"type": "LinkedServiceReference"
				},
				"secretName": "sql-sink-password"
			}
		}
	}
}